{
    "loss": 20.588422775268555,
    "accuracy": 0.8898305296897888
}