{
    "loss": 16.214216232299805,
    "accuracy": 0.5254237055778503
}